artist,title
Bring Me The Horizon,Teardrops
Linkin Park,Waiting for the End
Linkin Park,In the End
Linkin Park,Numb
Linkin Park,What I've Done
System Of A Down,Toxicity
System Of A Down,Aerials
System Of A Down,Chop Suey!
Korn,Freak On a Leash
Limp Bizkit,My Way
Limp Bizkit,Rollin' (Air Raid Vehicle)
Slipknot,Before I Forget
Disturbed,Stricken
Drowning Pool,Bodies
P.O.D.,Alive
Papa Roach,Scars
Static-X,Push It
Metallica,Enter Sandman
Metallica,Nothing Else Matters
Iron Maiden,Run to the Hills
Black Sabbath,Paranoid
Ozzy Osbourne,Crazy Train
Judas Priest,Breaking the Law
Dio,Holy Diver
Megadeth,Symphony Of Destruction
Queen,Don't Stop Me Now
Bon Jovi,Livin' On A Prayer
Journey,Don't Stop Believin'
AC/DC,You Shook Me All Night Long
Guns N' Roses,Sweet Child O' Mine
The Cranberries,Zombie
Joan Jett & the Blackhearts,I Love Rock 'N Roll
Europe,The Final Countdown
Faith No More,Epic
Rage Against The Machine,Guerrilla Radio
Muse,Supermassive Black Hole
Ghost,Square Hammer
The Killers,Mr. Brightside
a-ha,Take on Me
BABYMETAL,Gimme Chocolate!!
Lady Gaga,Die With A Smile
Bruno Mars,24K Magic
Legião Urbana,Pais E Filhos
YUNGBLUD,Zombie
Jota Quest,Dias Melhores
Linkin Park,Friendly Fire
Sleeping With Sirens,If You Can't Hang
Sleeping With Sirens,"If I'm James Dean, You're Audrey Hepburn"
Imagine Dragons,Believer
